scene,location,present,remote
1,NA,NA,NA
2,NA,NA,NA
3,NA,NA,NA
4,#FlowerTrench,NA,NA
5,#FlowerTrench,#Carlyle,NA
6,#FlowerTrench,#Carlyle,NA
7,#FlowerTrench,#Carlyle,NA
7,#FlowerTrench,#Thisbe,NA
7,#FlowerTrench,#Unknown-Soldier,NA
7,#FlowerTrench,#Major,NA
7,#FlowerTrench,#Pointer,NA
8,#FlowerTrench,#Carlyle,NA
8,#FlowerTrench,#Thisbe,NA
8,#FlowerTrench,#Bridger,NA
8,#FlowerTrench,#Unknown-Soldier,NA
8,#FlowerTrench,#Major,NA
8,#FlowerTrench,#Pointer,NA
8,#FlowerTrench,#Boo,NA
9,#Room-Thisbe,#Carlyle,NA
9,#Room-Thisbe,#Thisbe,NA
9,#Room-Thisbe,#Bridger,NA
9,#Room-Thisbe,#Unknown-Soldier,NA
9,#Room-Thisbe,#Major,NA
9,#Room-Thisbe,#Pointer,NA
9,#Room-Thisbe,#Boo,NA
10,#Room-Thisbe,#Carlyle,NA
10,#Room-Thisbe,#Thisbe,NA
10,#Room-Thisbe,#Bridger,NA
10,#Room-Thisbe,#Pointer,NA
10,#Room-Thisbe,#Boo,NA
10,#Room-Thisbe,#Major,NA
10,#Room-Thisbe,#Aimer,NA
10,#Room-Thisbe,#Crawler,NA
10,#Room-Thisbe,#Croucher,NA
10,#Room-Thisbe,#Looker,NA
10,#Room-Thisbe,#Medic,NA
10,#Room-Thisbe,#Nogun,NA
10,#Room-Thisbe,#Nostand,NA
10,#Room-Thisbe,#StanderG,NA
10,#Room-Thisbe,#StanderY,NA
11,#Room-Thisbe,#Carlyle,NA
11,#Room-Thisbe,#Thisbe,NA
11,#Room-Thisbe,#Bridger,NA
11,#Room-Thisbe,#Pointer,NA
11,#Room-Thisbe,#Boo,NA
11,#Room-Thisbe,#Major,NA
11,#Room-Thisbe,#Aimer,NA
11,#Room-Thisbe,#Crawler,NA
11,#Room-Thisbe,#Croucher,NA
11,#Room-Thisbe,#Looker,NA
11,#Room-Thisbe,#Medic,NA
11,#Room-Thisbe,#Nogun,NA
11,#Room-Thisbe,#Nostand,NA
11,#Room-Thisbe,#StanderG,NA
11,#Room-Thisbe,#StanderY,NA
12,#Room-Thisbe,#Mycroft,NA
12,#Room-Thisbe,#Carlyle,NA
12,#Room-Thisbe,#Thisbe,NA
12,#Room-Thisbe,#Bridger,NA
12,#Room-Thisbe,#Pointer,NA
12,#Room-Thisbe,#Boo,NA
12,#Room-Thisbe,#Major,NA
12,#Room-Thisbe,#Aimer,NA
12,#Room-Thisbe,#Crawler,NA
12,#Room-Thisbe,#Croucher,NA
12,#Room-Thisbe,#Looker,NA
12,#Room-Thisbe,#Medic,NA
12,#Room-Thisbe,#Nogun,NA
12,#Room-Thisbe,#Nostand,NA
12,#Room-Thisbe,#StanderG,NA
12,#Room-Thisbe,#StanderY,NA
13,#Room-Thisbe,#Mycroft,#Ockham
13,#Room-Thisbe,#Carlyle,#Ockham
13,#Room-Thisbe,#Thisbe,#Ockham
13,#Room-Thisbe,#Bridger,#Ockham
13,#Room-Thisbe,#Pointer,#Ockham
13,#Room-Thisbe,#Boo,#Ockham
13,#Room-Thisbe,#Major,#Ockham
13,#Room-Thisbe,#Aimer,#Ockham
13,#Room-Thisbe,#Crawler,#Ockham
13,#Room-Thisbe,#Croucher,#Ockham
13,#Room-Thisbe,#Looker,#Ockham
13,#Room-Thisbe,#Medic,#Ockham
13,#Room-Thisbe,#Nogun,#Ockham
13,#Room-Thisbe,#Nostand,#Ockham
13,#Room-Thisbe,#StanderG,#Ockham
13,#Room-Thisbe,#StanderY,#Ockham
14,#Room-Thisbe,#Mycroft,NA
14,#Room-Thisbe,#Carlyle,NA
14,#Room-Thisbe,#Thisbe,NA
14,#Room-Thisbe,#Bridger,NA
14,#Room-Thisbe,#Pointer,NA
14,#Room-Thisbe,#Boo,NA
14,#Room-Thisbe,#Major,NA
14,#Room-Thisbe,#Aimer,NA
14,#Room-Thisbe,#Crawler,NA
14,#Room-Thisbe,#Croucher,NA
14,#Room-Thisbe,#Looker,NA
14,#Room-Thisbe,#Medic,NA
14,#Room-Thisbe,#Nogun,NA
14,#Room-Thisbe,#Nostand,NA
14,#Room-Thisbe,#StanderG,NA
14,#Room-Thisbe,#StanderY,NA
15,#Room-Thisbe,#Mycroft,NA
15,#Room-Thisbe,#Carlyle,NA
15,#Room-Thisbe,#Thisbe,NA
16,#Room-Thisbe,NA,NA
17,#FlowerTrench,NA,NA
18,#FlowerTrench,#Martin,NA
19,#FlowerTrench,#Martin,NA
20,#FrontDoor-SWBH,#Martin,NA
21,#FrontDoor-SWBH,#Martin,NA
21,#FrontDoor-SWBH,#Ockham,NA
22,#Entrance-SWBH,#Martin,NA
22,#Entrance-SWBH,#Ockham,NA
23,#Hall-Mukta,#Martin,NA
23,#Hall-Mukta,#Ockham,NA
24,#Hall-Mukta,#Martin,NA
24,#Hall-Mukta,#Ockham,NA
24,#Hall-Mukta,#Mycroft,NA
25,#Hall-Mukta,#Martin,NA
25,#Hall-Mukta,#Ockham,NA
25,#Hall-Mukta,#Mycroft,NA
25,#Hall-Mukta,#Unknown-SWB,NA
26,#Hall-Mukta,#Martin,NA
26,#Hall-Mukta,#Ockham,NA
26,#Hall-Mukta,#Mycroft,NA
27,#LivingRoom-SWBH,#Martin,NA
27,#LivingRoom-SWBH,#Ockham,NA
27,#LivingRoom-SWBH,#Mycroft,NA
28,#LivingRoom-SWBH,#Martin,NA
28,#LivingRoom-SWBH,#Ockham,NA
28,#LivingRoom-SWBH,#Mycroft,NA
28,#LivingRoom-SWBH,#Eureka,NA
29,#LivingRoom-SWBH,#Martin,NA
29,#LivingRoom-SWBH,#Ockham,NA
29,#LivingRoom-SWBH,#Eureka,NA
29,#LivingRoom-SWBH,#Mycroft,NA
30,NA,#Martin,NA
30,NA,#Ockham,NA
30,NA,#Eureka,NA
30,NA,#Mycroft,NA
31,NA,NA,NA
32,#Togenkyo,NA,NA
33,#Togenkyo,#Mycroft,NA
34,#Togenkyo,#Mycroft,NA
35,#Togenkyo,#Mycroft,NA
35,#Togenkyo,#Unknown-Mitsubishi,NA
36,#Togenkyo,#Mycroft,NA
36,#Togenkyo,#Ando,NA
36,#Togenkyo,#Unknown-Mitsubishi,NA
37,#Togenkyo,#Mycroft,NA
37,#Togenkyo,#Ando,NA
37,#Togenkyo,#Danae,NA
37,#Togenkyo,#Hiroaki,NA
37,#Togenkyo,#Jun,NA
37,#Togenkyo,#Ran,NA
37,#Togenkyo,#Unknown-Mitsubishi,NA
38,NA,#Mycroft,NA
38,NA,#Ando,NA
38,NA,#Danae,NA
38,NA,#Hiroaki,NA
38,NA,#Jun,NA
38,NA,#Ran,NA
38,NA,#Unknown-Mitsubishi,NA
39,NA,NA,NA
40,NA,NA,NA
41,#Room-Thisbe,NA,NA
42,#Room-Thisbe,#Mycroft,NA
43,#Entrance-SWBH,#Mycroft,NA
44,#Entrance-SWBH,#Carlyle,NA
45,#Entrance-SWBH,#Carlyle,#Eureka
45,#Entrance-SWBH,#Carlyle,#Mycroft
46,#Hall-Mukta,#Carlyle,#Eureka
46,#Hall-Mukta,#Carlyle,#Mycroft
47,#Hall-Mukta,#Carlyle,#Eureka
47,#Hall-Mukta,#Carlyle,#Mycroft
47,#Hall-Mukta,#Eureka,#Eureka
47,#Hall-Mukta,#Eureka,#Mycroft
47,#Hall-Mukta,#Sidney,#Eureka
47,#Hall-Mukta,#Sidney,#Mycroft
48,#Hall-Mukta,#Carlyle,#Mycroft
48,#Hall-Mukta,#Carlyle,#Cato
48,#Hall-Mukta,#Eureka,#Mycroft
48,#Hall-Mukta,#Eureka,#Cato
48,#Hall-Mukta,#Sidney,#Mycroft
48,#Hall-Mukta,#Sidney,#Cato
49,#Hall-Mukta,#Carlyle,#Mycroft
49,#Hall-Mukta,#Carlyle,#Cato
49,#Hall-Mukta,#Eureka,#Mycroft
49,#Hall-Mukta,#Eureka,#Cato
49,#Hall-Mukta,#Sidney,#Mycroft
49,#Hall-Mukta,#Sidney,#Cato
49,#Hall-Mukta,#Mycroft,#Mycroft
49,#Hall-Mukta,#Mycroft,#Cato
50,#Hall-Mukta,#Carlyle,#Cato
50,#Hall-Mukta,#Eureka,#Cato
50,#Hall-Mukta,#Sidney,#Cato
50,#Hall-Mukta,#Mycroft,#Cato
51,#Room-Thisbe,#Carlyle,#Cato
51,#Room-Thisbe,#Eureka,#Cato
51,#Room-Thisbe,#Sidney,#Cato
51,#Room-Thisbe,#Mycroft,#Cato
52,#Room-Thisbe,#Carlyle,#Cato
52,#Room-Thisbe,#Mycroft,#Cato
53,#Room-Thisbe,#Carlyle,NA
53,#Room-Thisbe,#Mycroft,NA
54,NA,#Carlyle,NA
54,NA,#Mycroft,NA
55,NA,NA,NA
56,NA,NA,NA
57,#Marseille,NA,NA
58,#Marseille,#Mycroft,NA
58,#Marseille,#Early9A,NA
58,#Marseille,#Unknown-Servicer,NA
59,#Marseille,#Mycroft,NA
59,#Marseille,#Vivien,NA
59,#Marseille,#Early9A,NA
59,#Marseille,#Unknown-Servicer,NA
59,#Marseille,#Unknown-Guard,NA
60,#Marseille,#Mycroft,NA
60,#Marseille,#Vivien,NA
60,#Marseille,#Car,NA
61,#Romanova,#Mycroft,NA
61,#Romanova,#Vivien,NA
61,#Romanova,#Car,NA
62,#TempleJulius,#Mycroft,NA
62,#TempleJulius,#Vivien,NA
62,#TempleJulius,#Car,NA
63,#TempleJulius,#Vivien,NA
63,#TempleJulius,#Su-Hyeon,NA
63,#TempleJulius,#Toshi,NA
63,#TempleJulius,#Mycroft,NA
64,#TempleJulius,#Vivien,NA
64,#TempleJulius,#Mycroft,NA
65,#FlowerTrench,#Vivien,NA
65,#FlowerTrench,#Mycroft,NA
66,#FlowerTrench,#Dominic,NA
66,#FlowerTrench,#Car,NA
67,#FrontDoor-SWBH,#Dominic,NA
67,#FrontDoor-SWBH,#Car,NA
68,#FrontDoor-SWBH,#Dominic,NA
68,#FrontDoor-SWBH,#Cato,NA
69,#FrontDoor-SWBH,#Dominic,NA
69,#FrontDoor-SWBH,#Cato,NA
69,#FrontDoor-SWBH,#Lesley,NA
70,#FrontDoor-SWBH,#Dominic,NA
70,#FrontDoor-SWBH,#Lesley,NA
71,#Entrance-SWBH,#Dominic,NA
71,#Entrance-SWBH,#Lesley,NA
72,#Hall-Mukta,#Dominic,NA
72,#Hall-Mukta,#Lesley,NA
73,#Room-Thisbe,#Dominic,NA
73,#Room-Thisbe,#Lesley,NA
74,#Room-Thisbe,#Dominic,NA
74,#Room-Thisbe,#Lesley,NA
74,#Room-Thisbe,#Carlyle,NA
75,#Hall-Mukta,#Dominic,NA
75,#Hall-Mukta,#Lesley,NA
75,#Hall-Mukta,#Carlyle,NA
76,#Hall-Mukta,#Lesley,NA
76,#Hall-Mukta,#Carlyle,NA
77,#TempleJulius,#Lesley,NA
77,#TempleJulius,#Carlyle,NA
78,#TempleJulius,#Vivien,NA
78,#TempleJulius,#Su-Hyeon,NA
78,#TempleJulius,#Toshi,NA
78,#TempleJulius,#Mycroft,NA
78,#TempleJulius,#Unknown-Guard,NA
79,#TempleJulius,#Vivien,#Martin
79,#TempleJulius,#Su-Hyeon,#Martin
79,#TempleJulius,#Toshi,#Martin
79,#TempleJulius,#Mycroft,#Martin
79,#TempleJulius,#Unknown-Guard,#Martin
80,#TempleJulius,#Vivien,NA
80,#TempleJulius,#Su-Hyeon,NA
80,#TempleJulius,#Toshi,NA
80,#TempleJulius,#Mycroft,NA
80,#TempleJulius,#Unknown-Guard,NA
81,#Romanova,#Vivien,NA
81,#Romanova,#Su-Hyeon,NA
81,#Romanova,#Toshi,NA
81,#Romanova,#Mycroft,NA
81,#Romanova,#Unknown-Guard,NA
82,#Romanova,#Vivien,NA
82,#Romanova,#Su-Hyeon,NA
82,#Romanova,#Mycroft,NA
82,#Romanova,#Unknown-Guard,NA
83,#Romanova,#Vivien,NA
83,#Romanova,#Su-Hyeon,NA
83,#Romanova,#Mycroft,NA
83,#Romanova,#Unknown-Guard,NA
83,#Romanova,#Unknown,NA
84,#Pantheon,#Vivien,NA
84,#Pantheon,#Su-Hyeon,NA
84,#Pantheon,#Mycroft,NA
84,#Pantheon,#Unknown-Guard,NA
84,#Pantheon,#Unknown,NA
85,#Pantheon,#Vivien,NA
85,#Pantheon,#Su-Hyeon,NA
85,#Pantheon,#Mycroft,NA
85,#Pantheon,#Unknown-Guard,NA
86,#Pantheon,#Vivien,NA
86,#Pantheon,#Su-Hyeon,NA
86,#Pantheon,#Mycroft,NA
86,#Pantheon,#Unknown-Guard,NA
86,#Pantheon,#Unknown-Servicer,NA
87,#Pantheon,#Lugli,NA
87,#Pantheon,#Kirabo,NA
87,#Pantheon,#Kosala,NA
87,#Pantheon,#Isabel,NA
87,#Pantheon,#Public,NA
88,#Pantheon,#Unknown-Servicer,NA
88,#Pantheon,#Mycroft,NA
89,#Pantheon,#Vivien,NA
89,#Pantheon,#Kosala,NA
89,#Pantheon,#Su-Hyeon,NA
89,#Pantheon,#Unknown-Guard,NA
90,#Pantheon,#Vivien,NA
90,#Pantheon,#Kosala,NA
90,#Pantheon,#Su-Hyeon,NA
90,#Pantheon,#Unknown-Guard,NA
90,#Pantheon,#Unknown-Servicer,NA
90,#Pantheon,#Mycroft,NA
90,#Pantheon,#Early9A,NA
91,#Pantheon,#Vivien,NA
91,#Pantheon,#Kosala,NA
91,#Pantheon,#Su-Hyeon,NA
91,#Pantheon,#Lugli,NA
91,#Pantheon,#Kirabo,NA
91,#Pantheon,#Isabel,NA
91,#Pantheon,#Unknown-Guard,NA
91,#Pantheon,#Unknown-Servicer,NA
91,#Pantheon,#Mycroft,NA
91,#Pantheon,#Early9A,NA
92,#Pantheon,#Su-Hyeon,NA
92,#Pantheon,#Mycroft,NA
93,#FrontDoor-SWBH,#Su-Hyeon,NA
93,#FrontDoor-SWBH,#Mycroft,NA
94,#FrontDoor-SWBH,#Thisbe,NA
94,#FrontDoor-SWBH,#Discard,NA
95,#FrontDoor-SWBH,#Thisbe,NA
95,#FrontDoor-SWBH,#Discard,NA
96,#Entrance-SWBH,#Thisbe,NA
96,#Entrance-SWBH,#Discard,NA
97,#Entrance-SWBH,#Thisbe,NA
98,#Hall-Mukta,#Thisbe,NA
99,#Hall-Mukta,#Thisbe,NA
99,#Hall-Mukta,#Lesley,NA
99,#Hall-Mukta,#Carlyle,NA
100,#FlowerTrench,#Thisbe,NA
100,#FlowerTrench,#Lesley,NA
100,#FlowerTrench,#Carlyle,NA
101,#FlowerTrench,#Thisbe,NA
101,#FlowerTrench,#Carlyle,NA
102,#FlowerTrench,#Thisbe,#Mycroft
102,#FlowerTrench,#Carlyle,#Mycroft
103,#FlowerTrench,#Thisbe,#Mycroft
103,#FlowerTrench,#Carlyle,#Mycroft
103,#FlowerTrench,#Major,#Mycroft
103,#FlowerTrench,#Aimer,#Mycroft
103,#FlowerTrench,#StanderY,#Mycroft
103,#FlowerTrench,#Nogun,#Mycroft
103,#FlowerTrench,#Unknown-Soldier,#Mycroft
103,#FlowerTrench,#Boo,#Mycroft
104,#FlowerTrench,#Bridger,#Mycroft
104,#FlowerTrench,#Carlyle,#Mycroft
104,#FlowerTrench,#Thisbe,#Mycroft
104,#FlowerTrench,#Major,#Mycroft
104,#FlowerTrench,#Aimer,#Mycroft
104,#FlowerTrench,#StanderY,#Mycroft
104,#FlowerTrench,#Nogun,#Mycroft
104,#FlowerTrench,#Unknown-Soldier,#Mycroft
104,#FlowerTrench,#Boo,#Mycroft
105,NA,#Bridger,#Mycroft
105,NA,#Carlyle,#Mycroft
105,NA,#Thisbe,#Mycroft
105,NA,#Major,#Mycroft
105,NA,#Aimer,#Mycroft
105,NA,#StanderY,#Mycroft
105,NA,#Nogun,#Mycroft
105,NA,#Unknown-Soldier,#Mycroft
105,NA,#Boo,#Mycroft
106,NA,NA,#Mycroft
107,NA,NA,NA
108,#LaTrimouille,NA,NA
109,#LaTrimouille,#Ganymede,NA
109,#LaTrimouille,#Mycroft,NA
110,#LaTrimouille,#Ganymede,NA
110,#LaTrimouille,#Mycroft,NA
111,#SalonDesConquetes,#Ganymede,NA
111,#SalonDesConquetes,#Mycroft,NA
112,#SalonDesConquetes,#Ganymede,NA
112,#SalonDesConquetes,#Kosala,NA
112,#SalonDesConquetes,#Vivien,NA
112,#SalonDesConquetes,#Unknown-Guard,NA
113,#SalonDesConquetes,#Ganymede,#Mycroft
113,#SalonDesConquetes,#Kosala,#Mycroft
113,#SalonDesConquetes,#Vivien,#Mycroft
113,#SalonDesConquetes,#Unknown-Guard,#Mycroft
114,#RubyWalk,#Ganymede,#Mycroft
114,#RubyWalk,#Kosala,#Mycroft
114,#RubyWalk,#Vivien,#Mycroft
114,#RubyWalk,#Unknown-Guard,#Mycroft
115,#RubyWalk,#Ganymede,#Mycroft
115,#RubyWalk,#Danae,#Mycroft
115,#RubyWalk,#Ando,#Mycroft
115,#RubyWalk,#Kosala,#Mycroft
115,#RubyWalk,#Vivien,#Mycroft
115,#RubyWalk,#Unknown-Guard,#Mycroft
115,#RubyWalk,#Unknown-Press,#Mycroft
116,#RubyWalk,#Ganymede,#Mycroft
116,#RubyWalk,#Danae,#Mycroft
116,#RubyWalk,#Ando,#Mycroft
116,#RubyWalk,#Isabel,#Mycroft
116,#RubyWalk,#Kosala,#Mycroft
116,#RubyWalk,#Vivien,#Mycroft
116,#RubyWalk,#Unknown-Guard,#Mycroft
116,#RubyWalk,#Unknown-Press,#Mycroft
117,#RubyWalk,#Ganymede,#Mycroft
117,#RubyWalk,#Danae,#Mycroft
117,#RubyWalk,#Ando,#Mycroft
117,#RubyWalk,#Isabel,#Mycroft
117,#RubyWalk,#Kosala,#Mycroft
117,#RubyWalk,#Vivien,#Mycroft
117,#RubyWalk,#Unknown-Guard,#Mycroft
117,#RubyWalk,#Unknown-Press,#Mycroft
118,#RubyWalk,#Igor,#Mycroft
118,#RubyWalk,#Cato,#Mycroft
118,#RubyWalk,#Sniper,#Mycroft
118,#RubyWalk,#Ganymede,#Mycroft
118,#RubyWalk,#Danae,#Mycroft
118,#RubyWalk,#Ando,#Mycroft
118,#RubyWalk,#Isabel,#Mycroft
118,#RubyWalk,#Kosala,#Mycroft
118,#RubyWalk,#Vivien,#Mycroft
118,#RubyWalk,#Unknown-Guard,#Mycroft
118,#RubyWalk,#Unknown-Press,#Mycroft
119,#RubyWalk,#Igor,#Mycroft
119,#RubyWalk,#Cato,#Mycroft
119,#RubyWalk,#Sniper,#Mycroft
119,#RubyWalk,#Ganymede,#Mycroft
119,#RubyWalk,#Danae,#Mycroft
119,#RubyWalk,#Ando,#Mycroft
119,#RubyWalk,#Isabel,#Mycroft
119,#RubyWalk,#Kosala,#Mycroft
119,#RubyWalk,#Vivien,#Mycroft
119,#RubyWalk,#Unknown-Guard,#Mycroft
119,#RubyWalk,#Unknown-Press,#Mycroft
120,#RubyWalk,#Igor,#Mycroft
120,#RubyWalk,#Cato,#Mycroft
120,#RubyWalk,#Sniper,#Mycroft
120,#RubyWalk,#Unknown-JuniorScientist,#Mycroft
120,#RubyWalk,#Ganymede,#Mycroft
120,#RubyWalk,#Danae,#Mycroft
120,#RubyWalk,#Ando,#Mycroft
120,#RubyWalk,#Isabel,#Mycroft
120,#RubyWalk,#Kosala,#Mycroft
120,#RubyWalk,#Vivien,#Mycroft
120,#RubyWalk,#Unknown-Guard,#Mycroft
120,#RubyWalk,#Unknown-Press,#Mycroft
121,#RubyWalk,#Igor,#Mycroft
121,#RubyWalk,#Cato,#Mycroft
121,#RubyWalk,#Sniper,#Mycroft
121,#RubyWalk,#Unknown-JuniorScientist,#Mycroft
121,#RubyWalk,#Unknown-SniperFan,#Mycroft
121,#RubyWalk,#Ganymede,#Mycroft
121,#RubyWalk,#Danae,#Mycroft
121,#RubyWalk,#Ando,#Mycroft
121,#RubyWalk,#Isabel,#Mycroft
121,#RubyWalk,#Kosala,#Mycroft
121,#RubyWalk,#Vivien,#Mycroft
121,#RubyWalk,#Unknown-Guard,#Mycroft
121,#RubyWalk,#Unknown-Press,#Mycroft
122,#RubyWalk,#Sniper,#Mycroft
122,#RubyWalk,#Ganymede,#Mycroft
123,#RubyWalk,#MASON,#Mycroft
123,#RubyWalk,#Ganymede,#Mycroft
123,#RubyWalk,#Danae,#Mycroft
123,#RubyWalk,#Ando,#Mycroft
123,#RubyWalk,#Isabel,#Mycroft
123,#RubyWalk,#Kosala,#Mycroft
123,#RubyWalk,#Vivien,#Mycroft
123,#RubyWalk,#Unknown-Guard,#Mycroft
124,#RubyWalk,#MASON,#Mycroft
124,#RubyWalk,#Ganymede,#Mycroft
124,#RubyWalk,#Danae,#Mycroft
124,#RubyWalk,#Ando,#Mycroft
124,#RubyWalk,#Isabel,#Mycroft
124,#RubyWalk,#Kosala,#Mycroft
124,#RubyWalk,#Vivien,#Mycroft
124,#RubyWalk,#Unknown-Guard,#Mycroft
125,#RubyWalk,#MASON,#Mycroft
125,#RubyWalk,#Ganymede,#Mycroft
125,#RubyWalk,#Danae,#Mycroft
125,#RubyWalk,#Ando,#Mycroft
125,#RubyWalk,#Isabel,#Mycroft
125,#RubyWalk,#Kosala,#Mycroft
125,#RubyWalk,#Vivien,#Mycroft
125,#RubyWalk,#Unknown-Guard,#Mycroft
126,#RubyWalk,#MASON,#Mycroft
126,#RubyWalk,#Ganymede,#Mycroft
126,#RubyWalk,#Danae,#Mycroft
126,#RubyWalk,#Ando,#Mycroft
126,#RubyWalk,#Isabel,#Mycroft
126,#RubyWalk,#Kosala,#Mycroft
126,#RubyWalk,#Vivien,#Mycroft
126,#RubyWalk,#Unknown-Guard,#Mycroft
127,#CabinetPrive,#MASON,#Mycroft
127,#CabinetPrive,#Ganymede,#Mycroft
127,#CabinetPrive,#Danae,#Mycroft
127,#CabinetPrive,#Ando,#Mycroft
127,#CabinetPrive,#Isabel,#Mycroft
127,#CabinetPrive,#Kosala,#Mycroft
127,#CabinetPrive,#Vivien,#Mycroft
127,#CabinetPrive,#Unknown-Guard,#Mycroft
128,#CabinetPrive,#MASON,#Mycroft
128,#CabinetPrive,#Ganymede,#Mycroft
128,#CabinetPrive,#Danae,#Mycroft
128,#CabinetPrive,#Isabel,#Mycroft
128,#CabinetPrive,#Kosala,#Mycroft
128,#CabinetPrive,#Vivien,#Mycroft
128,#CabinetPrive,#Unknown-Guard,#Mycroft
129,#CabinetPrive,#MASON,#Mycroft
129,#CabinetPrive,#Ganymede,#Mycroft
129,#CabinetPrive,#Danae,#Mycroft
129,#CabinetPrive,#Ando,#Mycroft
129,#CabinetPrive,#Isabel,#Mycroft
129,#CabinetPrive,#Vivien,#Mycroft
129,#CabinetPrive,#Unknown-Guard,#Mycroft
130,#CabinetPrive,#MASON,#Mycroft
130,#CabinetPrive,#Ganymede,#Mycroft
130,#CabinetPrive,#Danae,#Mycroft
130,#CabinetPrive,#Ando,#Mycroft
130,#CabinetPrive,#Isabel,#Mycroft
130,#CabinetPrive,#Kosala,#Mycroft
130,#CabinetPrive,#Vivien,#Mycroft
130,#CabinetPrive,#Unknown-Guard,#Mycroft
131,#CabinetPrive,#Felix,#Mycroft
131,#CabinetPrive,#MASON,#Mycroft
131,#CabinetPrive,#Ganymede,#Mycroft
131,#CabinetPrive,#Danae,#Mycroft
131,#CabinetPrive,#Ando,#Mycroft
131,#CabinetPrive,#Isabel,#Mycroft
131,#CabinetPrive,#Kosala,#Mycroft
131,#CabinetPrive,#Unknown-Guard,#Mycroft
132,#GallerieDesInconnus,#Felix,#Mycroft
132,#GallerieDesInconnus,#MASON,#Mycroft
132,#GallerieDesInconnus,#Ganymede,#Mycroft
132,#GallerieDesInconnus,#Danae,#Mycroft
132,#GallerieDesInconnus,#Ando,#Mycroft
132,#GallerieDesInconnus,#Isabel,#Mycroft
132,#GallerieDesInconnus,#Kosala,#Mycroft
132,#GallerieDesInconnus,#Unknown-Guard,#Mycroft
133,#GallerieDesInconnus,#Felix,#Mycroft
133,#GallerieDesInconnus,#MASON,#Mycroft
133,#GallerieDesInconnus,#Ando,#Mycroft
133,#GallerieDesInconnus,#Unknown-JuniorScientist,#Mycroft
133,#GallerieDesInconnus,#Unknown-Guard,#Mycroft
134,#GallerieDesInconnus,#Felix,NA
134,#GallerieDesInconnus,#MASON,NA
134,#GallerieDesInconnus,#Ando,NA
134,#GallerieDesInconnus,#Unknown-JuniorScientist,NA
134,#GallerieDesInconnus,#Unknown-Guard,NA
135,#Cuisines,#Felix,NA
135,#Cuisines,#MASON,NA
135,#Cuisines,#Ando,NA
135,#Cuisines,#Unknown-JuniorScientist,NA
135,#Cuisines,#Unknown-Guard,NA
136,#Cuisines,#Mycroft,NA
136,#Cuisines,#Unknown-Humanist,NA
136,#Cuisines,#Unknown-Utopian,NA
137,#Cuisines,#Mycroft,NA
137,#Cuisines,#Unknown-Humanist,NA
137,#Cuisines,#Unknown-Utopian,NA
138,#Jardins,#Mycroft,NA
138,#Jardins,#Unknown-Humanist,NA
138,#Jardins,#Unknown-Utopian,NA
139,#Jardins,#AldrinBester,NA
139,#Jardins,#VoltaireSheldon,NA
139,#Jardins,#Mycroft,NA
140,#LaTrimouille,#AldrinBester,NA
140,#LaTrimouille,#VoltaireSheldon,NA
140,#LaTrimouille,#Mycroft,NA
